product,description,ad
Rustic Wooden Bookshelf,"A sturdy and stylish bookshelf made from reclaimed wood, adding a touch of rustic charm to any room.",Organize in style with our Rustic Wooden Bookshelf ‚Äì timeless beauty for your home!
Accent Cabinet,"A decorative cabinet that adds storage and style to any room, available in various finishes and designs.",Add a touch of elegance with our Accent Cabinet ‚Äì storage and style in one piece!
Tripod,"A sturdy and adjustable stand to stabilize your camera for sharp, clear photos and videos.",Steady your shots with our Tripod ‚Äì perfect stability for every photo!
Interactive Robot Toy,"A smart robot that interacts with kids through voice commands, games, and educational activities.","Meet your child‚Äôs new best friend ‚Äì our Interactive Robot Toy, where learning meets fun!"
Outdoor Patio Set,A durable and stylish set of chairs and a table designed for outdoor relaxation and entertaining.,Enjoy the outdoors with our Outdoor Patio Set ‚Äì perfect for sunny days and cozy evenings!
 Bolero-style jacket," A short, open-fronted jacket with a cropped hemline, perfect for layering over a dress or top.","Discover the versatile Bolero Jacket! Ideal for layering over dresses or tops, this chic, open-front cropped jacket elevates any outfit. Effortlessly stylish, comfortably classy. Get yours today!"
Portable PA System,"A powerful and portable public address system, perfect for events, presentations, and outdoor gatherings.","Amplify your voice with our Portable PA System ‚Äì clear, powerful sound wherever you go!"
Christmas Ornament Set,A collection of beautifully designed ornaments to decorate your tree and home.,Deck the halls with our Christmas Ornament Set ‚Äì sparkle and shine for the holidays!
Strawberry Cheesecake Bites,Bite-sized treats combining the creamy richness of cheesecake with the sweetness of strawberries.,Savor the flavor with our Strawberry Cheesecake Bites ‚Äì a little bite of heaven!
Electric Kettle,"A fast and efficient kettle for boiling water, perfect for tea, coffee, and cooking.","Boil water in seconds with our Electric Kettle ‚Äì quick, convenient, and stylish!"
Rice Cooker,"An appliance that cooks rice perfectly every time, with settings for different types of rice and grains",Perfect rice made easy with our Rice Cooker ‚Äì set it and forget it!
Holiday Throw Blanket,"A cozy and soft blanket with holiday patterns, perfect for snuggling up by the fire.",Stay warm and festive with our Holiday Throw Blanket ‚Äì comfort and cheer in every thread!
Classic Muscle Car,"A powerful and iconic car with a roaring engine, designed for those who love raw power and classic design.",Relive the glory days with our Classic Muscle Car ‚Äì power and nostalgia in one ride!
 Palazzo pants," Wide flowing pants with a relaxed fit, offering comfort and style in one package.","Discover unparalleled comfort & style with our Palazzo pants! Perfectly wide & flowing, these relaxed-fit wonders effortlessly elevate your wardrobe. Shop now & embrace the best of both worlds!"
Electric Train Set,"A complete train set with tracks, locomotives, and accessories for hours of creative play.",All aboard for fun with our Electric Train Set ‚Äì the ultimate adventure on rails!
Mint Chocolate Chip Cookies,Soft and chewy cookies with a refreshing mint flavor and rich chocolate chips.,"Refresh your taste buds with our Mint Chocolate Chip Cookies ‚Äì cool, minty, and chocolatey!"
Travel Pillow,A comfortable and supportive pillow designed for restful sleep during flights or long journeys.,Sleep soundly with our Travel Pillow ‚Äì comfort on the go!
Organic Tea Blends,"A selection of finely crafted tea blends made from organic herbs and leaves, offering a soothing and aromatic experience.","Unwind with our Organic Tea Blends ‚Äì pure, calming, and delicious!"
Air Fryer,"A compact and efficient appliance that fries food with little to no oil, offering a healthier alternative to traditional frying.","Fry healthier with our Air Fryer ‚Äì crispy, delicious, and guilt-free!"
Digital Camera,A high-quality camera that captures stunning photos and videos with advanced features and settings.,Capture every moment with our Digital Camera ‚Äì professional quality in your hands!
 Varsity jacket," A sporty, casual jacket also known as a letterman jacket, featuring contrasting sleeves and ribbed cuffs and hem.",Introducing the Varsity Jacket - Sporty & Stylish! Experience ultimate comfort and a timeless look with our contrasting sleeves & ribbed detailing. Make every day a statement. Step up your game today!
Advent Calendar,A traditional calendar with 24 doors  each hiding a small treat or gift to count down to Christmas.,Count down to Christmas with our Advent Calendar ‚Äì a daily dose of holiday joy!
Off-road Jeep,A rugged and capable off-road vehicle designed to conquer any terrain with ease.,Explore the unbeaten path with our Off-road Jeep ‚Äì adventure awaits!
 Wingtip shoes," Classic dress shoes featuring a pointed, decorative toecap design.","Discover timeless elegance with our Classic Wingtip Shoes. Step into luxury with a pointed, decorative toecap design, perfect for upgrading your formal attire. Get yours today!"
Camera Bag,A durable and stylish bag designed to protect and carry your camera and accessories.,Carry your gear in style with our Camera Bag ‚Äì protection and convenience combined!
 Longline cardigan," A knee-length cardigan, perfect for layering and adding extra warmth.","Upgrade your wardrobe with our stylish Longline Cardigan! Knee-length, versatile & perfect for layering, it brings extra warmth to any outfit. Don't let the cold cramp your style - shop now!"
 Chenille sweater," A soft, plush sweater made from chenille fabric, providing warmth and comfort.",Introducing the Chenille Sweater: Experience ultimate warmth & comfort in our deluxe plush knitwear. Elegance meets coziness. Perfect for any occasion. Be stylish. Stay snug. Shop now!
Outdoor Play Tent,"A colorful and easy-to-assemble tent for indoor or outdoor play, perfect for adventures and hideouts.",Unleash your child‚Äôs imagination with our Outdoor Play Tent ‚Äì a world of adventure awaits!
 Ruched-top dress," A dress featuring gathering of fabric at the top, which provides a flattering and form-fitting silhouette.","Reveal your captivating charm in our Ruched-Top Dress! Tailored for perfection, this form-fitting silhouette accentuates your curves with its flawlessly gathered fabric. Be the ultimate enchantress!"
 Leather biker jacket," A cropped, fitted jacket in leather material, featuring edgy details like zippers and studs.","Discover the ultimate edgy-chic look with our leather biker jacket! Fitted & cropped, it boasts rockin' zippers and studs. Unleash your inner rebel today. Elevate your wardrobe ‚Äì ride with style!"
 Metallic pleated skirt," A skirt featuring narrow, accordion-like pleats and a shiny, metallic finish.","Discover the stunning Metallic Pleated Skirt - chic, accordion-style pleats meet a lustrous metallic finish for a fashion-forward look that dazzles. Elevate your wardrobe now!"
 Cigarette pants," Slim, ankle-length pants with a streamlined silhouette, perfect for business or casual wear.","Introducing Cigarette pants! Slim, ankle-length & stylish. Elevate business or casual attire with a sleek silhouette. Shop now for a versatile wardrobe essential. #CigarettePantsFashionUpgrade"
Indoor Plants,"Lush, low-maintenance plants that bring a touch of nature and freshness to your living room.",Bring life to your space with our Indoor Plants ‚Äì natural beauty for your home!
Kitchen Scale,"A precise digital scale for measuring ingredients, ensuring accuracy in your recipes.",Measure with precision using our Kitchen Scale ‚Äì essential for every baker and chef!
Electric Stand Mixer,"A powerful and versatile mixer for baking and cooking, with multiple attachments for various tasks.","Mix, knead, and whip with our Electric Stand Mixer ‚Äì your ultimate kitchen companion"
 Floral-print dress," A dress featuring a delicate, feminine floral pattern.","Introducing our Floral-Print Dress: Delicate & feminine, this beautifully crafted piece is perfect for any occasion. Experience style in full bloom now. #Fashion #FloralDress üå∏üëó‚ú®"
Yoga Mat,"A non-slip, eco-friendly yoga mat that provides cushioning and stability for your practice.",Find your balance with our Yoga Mat ‚Äì perfect for every pose and stretch!
Dollhouse with Furniture," A detailed dollhouse with miniature furniture, encouraging imaginative play and storytelling.",Create a world of imagination with our Dollhouse ‚Äì where every room tells a story!
Smart Speaker with Voice Assistant,"A voice-activated speaker that plays music, answers questions, and controls smart home devices.","Your voice, your command ‚Äì enjoy seamless control with our Smart Speaker!"
Portable Basketball Hoop,An adjustable and portable basketball hoop perfect for practicing your shots at home or on the go.,Shoot hoops anytime with our Portable Basketball Hoop ‚Äì fun and fitness in one!
 Tulle skirt," A voluminous skirt featuring multiple layers of tulle, perfect for creating a ballerina-inspired look.","Upgrade your wardrobe with our Tulle Extravaganza Skirtüåü! Twirl into a dream of fluffy layers, crafted for fashionable ballerina vibes‚ú®. Get ready to be the center of attention and order now! #tulleskirt"
 Zipper-detail jeans," Jeans featuring zipper accents or closures, adding an edgy and modern touch.","Upgrade your denim game! Introducing Zipper-detail Jeans - where style meets edge. Make a bold statement with added zipper accents & closures. Get yours today, stand out in the crowd."
 Faux fur vest," A sleeveless, fur-like garment, adding warmth and texture to any outfit.",Upgrade your wardrobe with a touch of luxury! Our Faux Fur Vest is the perfect sleeveless addition for style & warmth. Make a statement in any outfit - Get yours now! #StayStylishAndWarm
 Embellished pumps," High-heeled shoes adorned with crystals, beads, or other ornate details.","Elevate your style to dazzling heights with our Embellished Pumps! Adorned with exquisite crystals & beads, these high-heels are the epitome of elegance. Step into glamour today!"
 Mock-neck sweater," A pullover sweater with a high, close-fitting neckline that provides warmth and style.","Stay warm, look chic! Our Mock-neck Sweater is the perfect blend of cozy comfort and on-trend style. Don‚Äôt let the cold cramp your fashion game - Shop now and stand out from the crowd."
Hi-Fi Stereo System,A high-fidelity stereo system that delivers crystal-clear audio for music enthusiasts.,"Experience music like never before with our Hi-Fi Stereo System ‚Äì pure, uncompromised sound!"
 Quilted vest," A sleeveless, insulated vest featuring a quilted design, ideal for layering in cooler weather.","Discover our sleek Quilted Vest! Sleeveless, insulated & perfect for layering in cool weather. Elevate your style game while staying cozy. Get yours now & embrace the chill!"
Smart Speaker,"A voice-activated speaker that plays music, answers questions, and controls smart home devices with ease.","Your voice, your command ‚Äì experience seamless control with our Smart Speaker!"
Portable Record Player,A compact and stylish record player that lets you enjoy your vinyl collection anywhere.,"Rediscover vinyl with our Portable Record Player ‚Äì classic sound, modern convenience!"
Gourmet Coffee Beans,"Premium coffee beans roasted to perfection, offering a rich and aromatic coffee experience.",Wake up to luxury with our Gourmet Coffee Beans ‚Äì every sip is a masterpiece!
 Wrap dress," A dress with a front closure formed by folding one side over the other and tying at the waist, creating a flattering, adjustable shape.","Discover our stylish Wrap Dress - the perfect blend of fashion and function! With its adjustable front closure and figure-flattering waist tie, you'll feel confident and chic all day long. Get yours today!"
Smartwatch,"A wearable device that tracks fitness, monitors health, and keeps you connected with notifications on your wrist.","Stay ahead with our Smartwatch ‚Äì your health, your time, your style!"
Fitness Tracker," A wearable device that monitors your activity, heart rate, and sleep to help you stay on track with your fitness goals.",Track your progress with our Fitness Tracker ‚Äì your personal coach on your wrist!
Digital Thermometer,"A fast and accurate thermometer for measuring body temperature, featuring a digital display for easy reading.","Stay informed with our Digital Thermometer ‚Äì quick, accurate, and reliable!"
 Distressed jeans," Jeans that have been deliberately frayed or ripped for a grungy, casual look.",Discover edgy style with our Distressed Jeans collection! Unleash your inner rebel with expertly frayed & ripped designs. Elevate your casual look today! Shop now!
 Platform heels," Shoes with a raised sole and heel, offering height and comfort.",Step up your style game with our chic Platform Heels üë†! Boost your height & confidence while experiencing ultimate comfort. Walk tall & turn heads. Shop now! Limited stock & free shipping.
Hybrid Car,A fuel-efficient car that combines a gasoline engine with an electric motor for reduced emissions and better mileage.,Go green without compromise with our Hybrid Car ‚Äì efficiency meets performance!
Christmas Stockings,"Festive stockings in various designs, perfect for hanging by the fireplace and filling with gifts.",Stuff them with joy using our Christmas Stockings ‚Äì a holiday tradition for everyone!
 Boyfriend blazer," An oversized, loose-fitting blazer for a casual, sophisticated look.","Introducing the Boyfriend Blazer: Effortlessly chic, oversized, and perfect for any occasion. Add a sophisticated touch to your wardrobe for a casual, trendy look. Comfort meets style. Shop now!"
Boxing Gloves,"High-quality gloves designed for boxing and MMA, offering excellent protection and comfort.","Train like a champion with our Boxing Gloves ‚Äì power, precision, and protection!"
 Utility jacket," A durable, often oversized jacket featuring multiple pockets and a structured, military-inspired design.","Introducing the Utility Jacket: Military-inspired design meets ultimate functionality. Oversized and durable, featuring ample pockets for all your on-the-go essentials. Get yours now and take on any day with style and efficiency!"
Photo Editing Software,Advanced software for editing and enhancing your photos with professional tools and effects.,Transform your photos with our Photo Editing Software ‚Äì creativity at your fingertips!
Fruit-Filled Bonbons,"Soft, chewy candies with a burst of fruity filling in the center, available in a variety of flavors.","Discover a fruity surprise with our Fruit-Filled Bonbons ‚Äì chewy, juicy, and delightful!"
Photo Lightbox,A portable lightbox that provides perfect lighting for photographing small objects and products.,Perfect your product shots with our Photo Lightbox ‚Äì professional lighting made easy!
Vintage Armchair,"A beautifully crafted armchair with a vintage design, adding a touch of elegance to any room.",Add a touch of class with our Vintage Armchair ‚Äì timeless comfort and style!
 Harem pants," A style of pants with a dropped crotch, loose-fitting legs, and a gathered waistband for a unique, bohemian look.","Discover Harem Pants! Unique, stylish bohemian vibes with a dropped crotch & loose legs. Comfy meets chic - elevate your wardrobe. Limited stock - shop now!"
 Gingham dress," A dress featuring a two-toned checkered pattern, often associated with picnics and summery outfits.","Introducing the Gingham Dress: Timeless & Chic! üíï Step into summer with this must-have, two-toned checkered dress. From picnics to parties, it's your go-to look. Shop now for unbeatable style!"
 Ankle boots," Versatile boots that reach the ankle and can be worn with jeans, skirts or dresses.","""Step into style with our versatile Ankle Boots! Perfect with jeans, skirts, or dresses. Elevate your look & walk confidently. Shop now: [website link] #AnkleBoots #FashionStatement"""
 Military-style jacket," A structured jacket inspired by historical military uniforms, featuring decorative buttons or epaulets.","Discover the power of style with our Military-inspired Jacket ‚Äì structured, sharp, and ready to command attention. Adorned with decorative buttons & epaulets, it's time to march into fashion. Be Bold!"
Organic Honey,"Pure, natural honey sourced from organic beehives, rich in flavor and packed with health benefits.","Sweeten your life the natural way with our Organic Honey ‚Äì pure, golden goodness!"
Musical Instrument Set,"A set of child-friendly musical instruments, including drums, xylophone, and maracas, to inspire young musicians.","Let the music play with our Musical Instrument Set ‚Äì rhythm, fun, and creativity in every note!"
Artificial Christmas Tree,A realistic and easy-to-assemble artificial tree that brings the holiday spirit into your home,Celebrate in style with our Artificial Christmas Tree ‚Äì the perfect centerpiece for your holiday decor!
Portable Water Filter,A compact and efficient filter that ensures you have access to clean drinking water anywhere.,Stay hydrated anywhere with our Portable Water Filter ‚Äì clean water on the go!
Smartphone,"A versatile device that combines communication, entertainment, and productivity in one compact gadget.","Stay connected, entertained, and productive with our Smartphone ‚Äì your world in your pocket!"
 Double-breasted blazer," A jacket featuring two parallel rows of buttons, creating a sophisticated, polished look.","Refine your style with our elegant double-breasted blazer - boasting two parallel rows of buttons, sophistication and polish await. Transform your wardrobe today! #FashionUpgrade #SophisticatedLook"
Blender,"A powerful blender for making smoothies, soups, sauces, and more, with easy-to-clean components.","Blend your way to deliciousness with our Blender ‚Äì smooth, creamy, and perfect every time!"
Decorative Figurines,Artistic figurines that add a unique and personal touch to your shelves or tables.,Add character to your space with our Decorative Figurines ‚Äì art that tells a story!
4K Smart TV,"A high-definition television with smart features, offering stunning visuals and access to endless entertainment.","Experience the ultimate viewing with our 4K Smart TV ‚Äì crystal-clear visuals, endless entertainment!"
 Riding boots," Tall, knee-high boots designed to protect the legs for equestrian activities, but versatile enough to be worn in everyday styling.","Discover timeless Riding Boots üêé Elegant knee-high protection for equestrians, yet versatile enough for everyday fashion. Get ready to saddle up in style! Shop now."
 Velvet blazer," A luxurious, soft blazer made from velvet material, perfect for dressing up or down.","Introducing the Velvet Blazer - Luxurious, soft, and versatile. Elevate your style for any occasion. Experience sheer elegance in every wear. Get yours now and embrace ultimate sophistication."
Vanilla Bean Macarons,"Delicate and airy macarons with a rich vanilla bean filling, perfect for a sophisticated treat.",Experience elegance with our Vanilla Bean Macarons ‚Äì a taste of Paris in every bite!
Running Shoes,Lightweight and durable shoes designed for optimal performance and comfort during running.,Step up your run with our Running Shoes ‚Äì where every stride feels effortless!
 Leopard-print blouse," A blouse featuring an animal print pattern, adding a touch of wild sophistication.",Unleash your inner wild side with our Leopard-print blouse! This chic animal print adds sophistication to any outfit. A must-have addition to your wardrobe. Shop now and make a statement!
Backpack,A durable and ergonomic backpack designed for comfort and convenience during travel.,Explore the world with our Travel Backpack ‚Äì comfort and style for every adventure!
Decorative Table Lamps,Elegant table lamps that provide soft lighting and add a touch of sophistication to your side tables or console.,Light up your decor with our Decorative Table Lamps ‚Äì ambiance and style in every glow!
 High-low dress," A dress with a hemline that is higher at the front and lower at the back, creating a dramatic, flowing effect.","Discover elegance with a twist in our stunning High-Low Dresses! Showcase your unique style with a hemline that rises at the front and falls at the back, making every step a showstopper. Shop now!"
Festive Tableware Set,"A complete set of plates, cups, and napkins featuring holiday designs for your festive meals.",Celebrate in style with our Festive Tableware Set ‚Äì perfect for holiday gatherings!
 Henley shirt," A collarless, button-up shirt with a small placket, offering a casual yet stylish look.","Discover timeless style & unbeatable comfort with our Henley shirts! Casual meets chic in these collarless, button-up wonders. Elevate your wardrobe - Shop now! Limited stock."
Plush Stuffed Animal,"A soft and cuddly stuffed animal, perfect for comforting and imaginative play.",Snuggle up with our Plush Stuffed Animal ‚Äì your child‚Äôs new favorite companion!
 Bermuda shorts, Knee-length shorts that offer a polished and conservative option for warmer weather.,"Stay cool & stylish in our Bermuda shorts! Perfectly tailored, knee-length for a polished look. Upgrade your warm-weather wardrobe now! Visit our store, limited stock available."
Resistance Bands Set,"A set of durable resistance bands for strength training, stretching, and rehabilitation exercises.","Boost your workout with our Resistance Bands Set ‚Äì versatile, portable, and effective!"
Glass Food Storage Containers,"Durable and eco-friendly containers for storing leftovers, meal prepping, and organizing your kitchen.","Store and organize with our Glass Food Storage Containers ‚Äì fresh, safe, and sustainable!"
Modular Shelving Unit,A customizable shelving system that can be arranged in various configurations to fit your space and needs.,Organize your way with our Modular Shelving Unit ‚Äì flexibility and style in one!
 Plaid shirt, A classic button-up shirt featuring a bold or subtle plaid pattern.,Upgrade your wardrobe! Discover our Classic Button-Up Plaid Shirt: bold or subtle patterns for versatile style. Elevate your fashion game. Shop now!
Compact Folding Desk,"A space-saving desk that folds away when not in use, perfect for small apartments or home offices.","Maximize your space with our Compact Folding Desk ‚Äì work smart, live better!"
Puzzle Set,"A collection of puzzles with varying difficulty levels, designed to challenge and entertain kids of all ages.",Piece together the fun with our Puzzle Set ‚Äì where every challenge is a triumph!
Daybed,"A versatile piece of furniture that serves as both a sofa and a bed, perfect for lounging or hosting guests.",Relax and unwind with our Daybed ‚Äì comfort and versatility in one!
Orthopedic Pillow,A specially designed pillow that supports proper spinal alignment and reduces neck pain.,Sleep better with our Orthopedic Pillow ‚Äì comfort and support for a restful night!
 Bell-sleeve blouse," A blouse featuring long sleeves that flare out towards the cuffs, creating a feminine and romantic look.",Discover elegance redefined with our Bell-sleeve blouse. Graceful flared cuffs create the perfect blend of sophistication & romance. Elevate your fashion game today - limited stock available!
Decorative Trays,"Elegant trays for organizing and displaying items on your coffee table or console, adding a touch of sophistication",Organize with elegance using our Decorative Trays ‚Äì style and functionality in one!
 Skinny jeans, Tight-fitting jeans that hug the legs and accentuate the figure.,Discover our top-selling Skinny Jeans ‚Äì designed to sculpt your figure and flatter every curve! Upgrade your wardrobe with jeans that fit impeccably & offer lasting style. Shop now!
 Windowpane-check shirt," A shirt featuring a large, grid-like pattern resembling windowpanes.","Discover timeless sophistication with our Windowpane-check Shirt. üö´üôÇ Made from high-quality fabric, its grid-like pattern ensures effortless style for both. üõçÔ∏è Get yours now and redefine your wardrobe!"
Dark Chocolate Covered Almonds,"Crunchy almonds coated in rich, dark chocolate for a healthy yet indulgent snack.",Crunch into happiness with our Dark Chocolate Covered Almonds ‚Äì a perfect balance of health and indulgence!
 Bodycon dress," A tight-fitting dress, highlighting curves and creating an ultra-sleek figure.","Introducing our Bodycon Dress! ‚ú® Flaunt your curves and make a bold statement in this ultra-sleek, figure-hugging masterpiece. Get ready to own the night! Shop now & turn heads. #SleekSensation üõçÔ∏è"
STEM Science Kit,"An educational kit that introduces kids to science, technology, engineering, and math through fun experiments.",Spark curiosity with our STEM Science Kit ‚Äì where learning becomes an adventure!
Holiday Scented Candles,"Candles with festive scents like pine, cinnamon, and gingerbread to create a cozy holiday atmosphere.",Set the mood with our Holiday Scented Candles ‚Äì the essence of Christmas in every flicker!
 Capri pants," Three-quarter length pants that end mid-calf, perfect for a casual summer ensemble.","Upgrade your summer wardrobe with our stylish Capri pants! Ideal for casual outings, these three-quarter length pants end mid-calf, ensuring comfort and chic all season long. Shop now and stay on-trend!"
Noise-Canceling Headphones,"Premium headphones that block out external noise, offering an immersive listening experience.",Immerse yourself in sound with our Noise-Canceling Headphones ‚Äì pure audio bliss!
Floor Lamp,A sleek and modern floor lamp that provides both ambient lighting and a stylish focal point.,Light up your space with our Floor Lamp ‚Äì functional and fashionable!
 Ruffleneck sweater," A sweater featuring a large, oversized collar that adds warmth and a statement to the garment.",Discover our Ruffleneck sweater - a perfect blend of style and warmth! Stay cozy in a bold oversized collar that elevates your winter wardrobe. Shop now for a statement piece that turns heads!
 Fit and flare dress," A dress that is fitted at the waist and flares out at the hips, creating a flattering, feminine silhouette.","Discover your new favorite style! Our Fit & Flare Dress accentuates the waist and gracefully flares at the hips, creating an elegant, feminine silhouette. Shop now for a timeless look!"
Wireless Bluetooth Speaker,"A portable speaker that connects wirelessly to your devices, delivering high-quality sound for music and more.","Take your music anywhere with our Wireless Bluetooth Speaker ‚Äì powerful sound, portable convenience!"
 Camouflage pants," Pants featuring the classic camouflage pattern, offering a bold, urban look.",Discover bold & urban style with our Classic Camouflage Pantsüî•Elevate your wardrobe & stand out on every adventureüåÜLow stock alertüì¢Shop NOW before they're gone! #CamouflagePants #OwnYourStyle
Laptop,"A portable computer designed for work, study, and entertainment, offering powerful performance in a sleek design.","Power up your productivity with our Laptop ‚Äì work smarter, anywhere, anytime!"
Statement Clock,A bold and artistic wall clock that serves as both a timepiece and a striking decorative element.,Make a statement with our Statement Clock ‚Äì timekeeping with a touch of art!
Salted Caramel Chocolate Bar,A smooth milk chocolate bar filled with gooey salted caramel for the perfect sweet and salty combination.,"Satisfy your cravings with our Salted Caramel Chocolate Bar ‚Äì sweet, salty, and oh-so-delicious!"
 High-waist jeans," Full-length jeans with a waistband that sits right at the natural waist, accentuating curves and elongating the legs.","Discover high-waist jeans, perfect for flattering your figure! Embrace your curves and enjoy longer-looking legs with these stylish full-length wardrobe essentials. Shop now for a confident stride."
Treadmill, A high-performance treadmill with adjustable speed and incline settings for a complete cardio workout at home.,"Run anytime, anywhere with our Treadmill ‚Äì your path to fitness starts here!"
Decorative Vases,"Elegant vases in various shapes and sizes, perfect for displaying fresh flowers or as standalone decor.",Elevate your decor with our Decorative Vases ‚Äì timeless beauty for your home!
 Duster coat," A long, lightweight coat that falls below the knee, offering an elongated silhouette.",Discover unparalleled style & comfort with our Duster Coats - the perfect blend of chic & lightweight design for a sleek silhouette that falls below the knee. Elevate your wardrobe now!
Organic Granola,"A crunchy and nutritious blend of oats, nuts, and dried fruits, perfect for a healthy breakfast or snack.","Start your day right with our Organic Granola ‚Äì wholesome, delicious, and energizing!"
 Zebra-print coat," A coat featuring a black and white striped pattern, emulating the appearance of zebra stripes.",Unleash your wild side with our stunning Zebra-print coat! Bold black & white stripes guarantee turning heads. Quality & flair in one stunning piece. Dare to be fierce! Limited stock. Get yours today.
Convertible Coffee Table,A multifunctional coffee table that can be adjusted to different heights and configurations.,Transform your living space with our Convertible Coffee Table ‚Äì versatility at its best!
Media Console,"A sleek and functional console designed to hold your TV and media devices, with ample storage for accessories.",Organize your entertainment with our Media Console ‚Äì sleek design meets functionality!
Decorative Lanterns,"Stylish lanterns that can hold candles or LED lights, creating a warm and inviting atmosphere.",Illuminate your space with our Decorative Lanterns ‚Äì a cozy glow for any room!
Silicone Baking Cups,"Reusable and non-stick baking cups, perfect for muffins, cupcakes, and other baked goods.",Bake smarter with our Silicone Baking Cups ‚Äì eco-friendly and easy to clean!
 Tassel earrings, Dangling earrings featuring a playful tassel of threads or beads.,"Discover elegance with a twist! Our Tassel Earrings, the perfect blend of fashionable threads & beads, elevate your style! Limited stock! Don't miss them! Shop now!"
Peanut Butter Cups,"Creamy peanut butter encased in smooth milk chocolate, offering a perfect balance of flavors.",Peanut butter lovers rejoice with our Peanut Butter Cups ‚Äì a classic treat you‚Äôll adore!
 Denim jacket," A classic, versatile jacket made from durable denim fabric.",Introducing our Classic Denim Jacket - Timeless style meets unbeatable durability! Perfect for any wardrobe. Upgrade yours & transform any outfit instantly. Get yours now! bit.ly/denim-jacket
 One-shoulder top," A top that bares one shoulder, adding an asymmetrical and stylish element.","Discover the chic one-shoulder top that elevates your style effortlessly. Accentuate your allure with this asymmetrical marvel, showcasing both elegance and sophistication. Shop now and turn heads!"
Medical Gloves,"Disposable gloves made from latex or nitrile, providing protection and hygiene for medical procedures.",Stay protected with our Medical Gloves ‚Äì essential for safety and hygiene!
 Pencil skirt," A knee-length, slim-fitting skirt that hugs the hips and tapers slightly at the bottom.","Introducing the Pencil Skirt: Elegance meets comfort with this knee-length, slim-fitting skirt. Hugging your hips and gently tapering at the bottom, it's perfect for any occasion. Upgrade your wardrobe now!"
Chef's Knife Set,"A high-quality set of knives designed for precision cutting, slicing, and dicing.","Slice like a pro with our Chef's Knife Set ‚Äì sharp, reliable, and essential for every kitchen!"
Electric SUV,"A spacious and eco-friendly SUV powered by electricity, offering a smooth ride and advanced technology","Drive the future with our Electric SUV ‚Äì power, space, and sustainability combined!"
Wireless Earbuds,"Compact, wireless earbuds offering high-quality sound and noise cancellation for an immersive audio experience.",Cut the cords and elevate your sound with our Wireless Earbuds ‚Äì freedom meets premium audio!
 Lace-up sandals," Shoes featuring laces or ties that wrap around the foot and, in some cases, the ankle.",Introducing our latest Lace-up Sandals - where style meets comfort! Wrap your feet in chic designs and experience unbeatable support. Perfect for summer strolls & beachside bliss. Shop now!
"Maximize your space with our Ottoman ‚Äì comfort, style, and storage in one!",A sturdy and stylish bookshelf designed to organize and display your book collection and decor items.,Organize your world with our Bookshelf ‚Äì a perfect blend of function and style!
Folding Screen,A decorative and functional screen that can be used to divide spaces or add a touch of elegance to your room.,Define your space with our Folding Screen ‚Äì style and privacy in one!
 Oversized scarf," A large, wrap-style scarf that can be styled in various ways to add depth and interest to an outfit.","Discover limitless style with our versatile Oversized Scarf! Wrap, drape, or tie to elevate any outfit - the ultimate accessory for chic comfort. Shop now & transform your wardrobe!"
 Sequined dress," A dress embellished with numerous sequins, providing sparkle and glamour.",Discover unparalleled sparkle & glamour with our new Sequined Dress! Turn heads and make unforgettable memories at your next event. Shop now for the ultimate show-stopping look!
 Maxi dress," A floor-length dress offering a dramatic, elegant look, perfect for formal occasions or casual wear.","Discover elegance in every step with our Maxi Dressüëó. Effortlessly stylish for casual or formal occasions, this floor-length stunner is perfect for turning headsüëÄ wherever you go! Upgrade your wardrobe now!"
 Racerback tank," A sleeveless top with a T-shaped strap across the upper back, offering a sporty, casual look.",Introducing our trendy Racerback Tank! It's a stylish and sporty sleeveless top featuring a unique T-shaped strap design across the upper back. Get ready for comfort and compliments! Shop now.
Wireless Earbuds,Compact and wireless earbuds offering high-quality sound and noise cancellation for on-the-go listening.,Cut the cords and elevate your sound with our Wireless Earbuds ‚Äì freedom meets premium audio!
Ergonomic Office Chair,A comfortable and adjustable chair designed to support posture during long hours of work.,Work in comfort with our Ergonomic Office Chair ‚Äì productivity starts here!
 Chunky knit sweater," A thick, textured sweater knitted with a heavier yarn, perfect for cozy layering.","Stay warm this season with our Chunky Knit Sweater! Thick, textured & perfect for cozy layering. Unbeatable comfort & style wrapped into one. Shop now & snuggle up!"
Caramel Popcorn,"Sweet and buttery caramel-coated popcorn, perfect for movie nights or snacking on the go.",Pop into sweetness with our Caramel Popcorn ‚Äì the ultimate snack for any occasion!
 T-strap sandals," Flat or heeled sandals that have a central strap running from the front of the shoe to the ankle, mimicking the shape of a ""T"".","Step into elegance with our stunning T-strap sandals! Flat or heeled, experience comfort & style. Perfect for any occasion, upgrade your shoe game today. Discover the perfect pair - don't wait!"
Console Table,"A sleek and narrow table designed for entryways or behind sofas, offering both functionality and style.",Welcome guests in style with our Console Table ‚Äì elegance and practicality combined!
Luxury King-Size Bed,"A spacious and luxurious bed with a plush mattress and elegant frame, ensuring a restful night‚Äôs sleep.",Sleep like royalty with our Luxury King-Size Bed ‚Äì comfort and style combined!
Nebulizer,"A medical device that turns liquid medication into a mist for easy inhalation, ideal for respiratory conditions.",Breathe easier with our Nebulizer ‚Äì effective relief for respiratory issues!
Herb Scissors,Specialized scissors with multiple blades for quickly and efficiently chopping herbs.,"Chop herbs in seconds with our Herb Scissors ‚Äì fast, easy, and efficient!"
 Gladiator sandals," Strappy sandals with a bold, crisscross design, often featuring multiple buckles or ties.",Introducing Gladiator Sandals: Unleash your inner warrior with our bold crisscross design - Strut in style & comfort with multiple buckles/ties for a perfect fit. Step up your summer game now!
 Tiered skirt," A skirt composed of multiple layers of fabric, creating a voluminous and eye-catching silhouette.","Discover elegance with our stunning Tiered Skirt! Designed with multiple layers of luxe fabric, this voluminous piece adds flair & style to any wardrobe. Elevate your look today - Shop Now!"
Plant-Based Protein Shake,"A delicious and nutritious shake made from plant-based proteins, perfect for post-workout recovery or a quick meal.","Fuel your body with our Plant-Based Protein Shake ‚Äì powerful nutrition, plant-powered goodness!"
 Halter-neck top, A sleeveless top with a high neckline that ties or fastens at the back of the neck.,Introducing our chic Halter-neck Top! Perfect for a sleek day-to-night look. High neckline meets elegant tie-back design. Limited stock - Grab yours now at [website]! Free shipping on orders $50+!
Photo Frame,A decorative frame to showcase your favorite photos in style.,Display your memories with our Photo Frame ‚Äì elegance for every picture!
Cast Iron Skillet,"A heavy-duty skillet that provides even heat distribution, perfect for searing, frying, and baking.","Cook with tradition using our Cast Iron Skillet ‚Äì durable, versatile, and timeless!"
Wheelchair,A lightweight and foldable wheelchair designed for easy mobility and comfort for those with limited mobility.,Regain your independence with our Wheelchair ‚Äì mobility and comfort in one!
Decorative Wall Shelves,"Stylish and functional shelves to display books, plants, and decorative items, adding both storage and charm to your walls.",Organize and decorate with our Decorative Wall Shelves ‚Äì a perfect blend of form and function!
Luggage Set,A stylish and durable set of suitcases with smooth-rolling wheels and secure locks.,Travel in style with our Luggage Set ‚Äì durability and elegance combined!
Reusable Hot/Cold Pack,"A versatile pack that can be heated or cooled to provide relief for pain, swelling, or muscle soreness.",Soothe your aches with our Reusable Hot/Cold Pack ‚Äì comfort and relief whenever you need it!
Bar Cabinet,": A stylish cabinet designed to store and display your drinks and glassware, perfect for entertaining.","Entertain with flair using our Bar Cabinet ‚Äì your home bar, beautifully organized!"
Non-Stick Frying Pan,"A durable and easy-to-clean frying pan with a non-stick surface, perfect for cooking a variety of dishes.","Cook with ease using our Non-Stick Frying Pan ‚Äì perfect meals, every time!"
 Geometric-print maxi skirt," A floor-length skirt featuring bold, angular patterns for a modern, artistic look.",Introducing our Geometric-print Maxi Skirt: A unique fusion of modern art & style! Be the trendsetter with our floor-length skirt featuring bold angular patterns. Shop now & flaunt your artistic side!
 Kaftan," A flowy, loose-fitting garment with wide sleeves, often worn as a dress or beach cover-up.","Discover your new summer essential! Our stylish Kaftans are perfect as chic dresses or beach cover-ups, featuring wide sleeves & a breezy fit. Get yours now and stay fashionably cool!"
 Cowl-neck sweater," A sweater featuring a draped, fold-over neckline, adding warmth and softness.","Stay cozy & stylish this season with our Cowl-neck Sweaters! Embrace elegance in a draped, fold-over neckline that keeps you warm & snug. Limited stock. Get yours now!"
 Jacquard skirt," A fabric featuring a raised, woven design, creating an intricate and luxurious skirt.",Discover elegance in our luxurious Jacquard skirt! Adorned with a lavish raised woven design for an intricate & lavish style. Shop now & elevate your wardrobe instantly!
 Jumpsuit," A one-piece garment that combines a top and pants, offering a streamlined and fashionable look.",Upgrade your wardrobe with our chic Jumpsuit ‚Äì the perfect blend of style and comfort. Our one-piece top & pants combo creates a sleek silhouette that's a must-have. Shop now - be effortlessly stylish!
Compression Socks,Therapeutic socks designed to improve circulation and reduce swelling in the legs and feet.,Step into comfort with our Compression Socks ‚Äì support and relief for your legs!
Assorted Gummy Bears,"Chewy and flavorful gummy bears in a rainbow of fruity flavors, perfect for snacking.","Taste the rainbow with our Assorted Gummy Bears ‚Äì fun, fruity, and irresistible!"
Photo Scanner,"A device that digitizes your old photos, preserving them for future generations.",Preserve the past with our Photo Scanner ‚Äì digitize your memories with ease!
Decorative Candle Holders,Elegant candle holders that add a warm and inviting ambiance to your living room.,Set the mood with our Decorative Candle Holders ‚Äì light up your evenings in style!
Decorative Throw Blankets,"Soft and cozy blankets in various textures and patterns, perfect for adding warmth and style to your sofa.",Snuggle in style with our Decorative Throw Blankets ‚Äì comfort meets elegance!
Modern Sofa Bed,"A stylish and versatile sofa that transforms into a comfortable bed, perfect for small spaces.",Style meets functionality with our Modern Sofa Bed ‚Äì perfect for lounging and sleeping!
 Embroidered jeans," Jeans featuring intricate, embroidered designs on the pockets, waistband or legs.","Discover stunning style in every stitch with our Embroidered Jeans collection! Adorn your wardrobe with intricate, one-of-a-kind designs on pockets, waistbands & legs. Elevate your denim game now!"
Christmas Village Set,A charming collection of miniature houses and figures to create a magical holiday village display.,Build a winter wonderland with our Christmas Village Set ‚Äì a festive centerpiece for your home!
Photo Printer,A compact printer that produces high-quality photo prints from your digital images.,Bring your memories to life with our Photo Printer ‚Äì vibrant prints at your fingertips!
 Fringe skirt," A skirt featuring fringe detailing on the bottom, creating movement and fun.","Introducing our fabulous Fringe Skirt! Step out in style with eye-catching fringe detailing that adds flair and movement. Perfect for any occasion, create unforgettable memories with this chic piece."
 Pinafore dress," A sleeveless dress with an apron-style front, perfect for layering over a blouse or sweater.","Upgrade your wardrobe with our chic Pinafore Dress! Layer it over a blouse or sweater for a versatile, stylish look. Sleeveless, apron-style front - Perfect for any occasion! Shop now."
LED Christmas Lights,Energy-efficient LED lights in various colors and patterns to brighten up your holiday decorations.,"Light up your holidays with our LED Christmas Lights ‚Äì festive, bright, and eco-friendly!"
Minimalist Dining Table,"A sleek and simple dining table made from high-quality materials, ideal for modern interiors.","Elevate your dining experience with our Minimalist Dining Table ‚Äì where simplicity meets elegance!"""
Holiday Wreath,"A beautifully crafted wreath made from evergreen branches, pinecones, and festive ornaments.",Welcome the season with our Holiday Wreath ‚Äì a timeless symbol of holiday cheer!
Extra Virgin Olive Oil,"Cold-pressed olive oil with a rich, fruity flavor, perfect for cooking and drizzling.",Elevate your dishes with our Extra Virgin Olive Oil ‚Äì the essence of the Mediterranean!
Portable Power Bank,"A compact device that charges your phone and other gadgets on the go, ensuring you never run out of battery.",Stay powered up anywhere with our Portable Power Bank ‚Äì never miss a moment!
Compact Car,"A small and efficient car perfect for city driving, offering great fuel economy and easy maneuverability.","Navigate the city with ease in our Compact Car ‚Äì smart, efficient, and stylish!"
 Sheer blouse," A semi-transparent blouse, perfect for layering over a camisole or bralette.","Discover effortless elegance with our Sheer Blouse - semi-transparent, lightweight, perfect for layering. Pair with your favorite camisole or bralette for a chic look that makes a statement. Shop now!"
Pulse Oximeter,"A compact device that measures blood oxygen levels and heart rate, essential for monitoring respiratory health.","Monitor your health with our Pulse Oximeter ‚Äì quick, accurate, and portable!"
 Asymmetrical dress," A dress with an uneven hemline or design, creating visual interest and balance.",Discover the perfect blend of style & comfort with our Asymmetrical Dresses! Turn heads with unique hemlines & designs that create visual intrigue - Shop Now & redefine your fashion game!
Home Theater System,A complete audio system with multiple speakers and a subwoofer for a surround sound experience.,Bring the cinema home with our Home Theater System ‚Äì immersive sound for every movie night!
Soundbar,"A sleek and compact soundbar that enhances your TV audio with rich, immersive sound.",Elevate your entertainment with our Soundbar ‚Äì cinematic sound in your living room!
Remote-Controlled Car,"A fast and durable RC car with easy controls, perfect for indoor and outdoor play.","Race into action with our Remote-Controlled Car ‚Äì speed, control, and excitement in your hands!"
Travel Journal,"A beautifully designed journal to document your travels, memories, and experiences.","Capture your adventures with our Travel Journal ‚Äì your story, beautifully told!"
 Sweatshirt," A casual, pullover top made from soft fabric, often featuring a bold graphic or pattern.","Stay cozy and stylish with our soft, graphic sweatshirts! Perfect for laid-back days or making a bold statement. Shop now for your new wearable art top! Don't miss out! #SweatshirtLove"
Accent Chairs,Stylish and comfortable chairs that add a splash of color and extra seating to your living room.,Complete your look with our Accent Chairs ‚Äì comfort and style in every detail!
 Slip dress," A simple, elegant dress, often with thin straps and a V-neck, reminiscent of lingerie.","Discover timeless elegance with our chic Slip Dress. Featuring delicate thin straps, a graceful V-neck, and a design inspired by lingerie. Exude confidence and style today. Shop Now!"
Cold-Pressed Juice,"Fresh, nutrient-packed juice made from cold-pressed fruits and vegetables for maximum flavor and health benefits.",Refresh and recharge with our Cold-Pressed Juice ‚Äì nature‚Äôs goodness in every sip!
 Bomber jacket," A short, durable jacket with a ribbed collar and cuffs, based on the classic military design.","Discover the perfect blend of style & durability! Get our Bomber Jacket - a classic military-inspired masterpiece, boasting a ribbed collar & cuffs for that extra edge. Upgrade your wardrobe now!"
Electric Car,"An eco-friendly vehicle powered by electricity, offering a smooth and silent driving experience with zero emissions.","Drive into the future with our Electric Car ‚Äì sustainable, stylish, and smart!"
Decorative Throw Pillows,Stylish and comfortable pillows in various colors and patterns to add a pop of color and texture to your sofa.,Refresh your space with our Decorative Throw Pillows ‚Äì comfort meets style!
Artisanal Bread,"Handcrafted bread made with high-quality ingredients, offering a rustic and wholesome taste.","Savor the tradition with our Artisanal Bread ‚Äì baked with love, enjoyed with passion!"
